<?xml version="1.0" encoding="UTF-8"?>
<beans xmlns="http://www.springframework.org/schema/beans"
    xmlns:xsi="http://www.w3.org/2001/XMLSchema-instance" xmlns:tx="http://www.springframework.org/schema/tx"
    xmlns:mvc="http://www.springframework.org/schema/mvc" xmlns:context="http://www.springframework.org/schema/context"
    xsi:schemaLocation="http://www.springframework.org/schema/beans
http://www.springframework.org/schema/beans/spring-beans-3.0.xsd
http://www.springframework.org/schema/tx
http://www.springframework.org/schema/tx/spring-tx-3.0.xsd
http://www.springframework.org/schema/context
http://www.springframework.org/schema/context/spring-context-3.0.xsd
http://www.springframework.org/schema/mvc
http://www.springframework.org/schema/mvc/spring-mvc-3.0.xsd">
 
    <!-- Enable autowire -->
    <context:annotation-config />
    <context:component-scan base-package="com" />
 
    <mvc:annotation-driven />
 
    <mvc:resources mapping="/resources/**" location="/resources/" />
 
    <bean id="dataSource" class="org.apache.commons.dbcp.BasicDataSource">
        <property name="driverClassName" value="com.mysql.jdbc.Driver" />
        <property name="url" value="jdbc:mysql://localhost:3306/tests" />
        <property name="username" value="root" />
        <property name="password" value="12345" />
    </bean>
 
    <!-- Session Factory Declaration -->
    <bean id="sessionFactory"
        class="org.springframework.orm.hibernate4.LocalSessionFactoryBean">
        <property name="dataSource" ref="dataSource" />
        <property name="packagesToScan" value="com.entities" />
        <property name="hibernateProperties">
            <props>
                <prop key="hibernate.dialect">org.hibernate.dialect.MySQLDialect</prop>
                <prop key="hibernate.show_sql">true</prop>
                <prop key="hibernate.enable_lazy_load_no_trans">true</prop>
                <prop key="hibernate.default_schema">test</prop>
                <prop key="format_sql">true</prop>
                <prop key="use_sql_comments">true</prop>
                <!-- <prop key="hibernate.hbm2ddl.auto">create</prop> -->
            </props>
        </property>
    </bean>
 
    <tx:annotation-driven transaction-manager="transactionManager" />
 
    <bean id="transactionManager"
        class="org.springframework.orm.hibernate4.HibernateTransactionManager">
        <property name="sessionFactory" ref="sessionFactory" />
    </bean>
</beans>

<!-- Why we use application contenxt file in spring mvc?
This fie is used when Spring configuration is provided to Application by application context file. It defines beans at root webapp context.

By <context:annotation-config/> element, we tells application to activate beans already registered in application context. It gives general support for annotation Like @Required, @Autowired, @PostConstructor
By <context:component-scan base-package=”com”/> element, we tells application to activate beans already registered in application context and scan package to find, register beans in application context.
By < mvc:annotation-driven /> element, we gives application to support for annotation-driven MVC Controllers Like @RequestMapping, @Controller, @RequestBody, @ResponseBody
By < mvc:resources mapping=”/resources/**” location=”/resources/” /> element,
<mvc:annotation-driven /> is to tell that you can define spring beans dependencies without defining much elements in xml or implements interface or extends a class.
@Repository is to tell that Class is a Dao without having to extend JpaDaoSupport or SubClass DaoSupport.
@Controller is to tell that Class having all methods to handle HTTP request without implements Controller interface or extends Sub class of Controllers.
<context:component-scan base-package=”com” /> is to tell that your spring application will search base package for scanning classes with @Controller, @Services, @Repository, or @Component
<mvc:resources mapping=”/resources/**” location=”/resources/” /> is tell that spring application needs to define path location and mapping to static resources like CSS, Images or JavaScripts.
<bean> is a java bean. Java Bean is a simple class with private fields and setter, getter methods. In XML we can defined it for usage. So here in this file three of beans tags are used with properties. Each property is like Class Private Field.
DataSource Bean: There are two attribute defined in this bean.
ID is defined for Unique Identifier for this bean as “dataSource”
CLASS is defined for reference type of “org.apache.commons.dbcp.BasicDataSource”.
BasicDataSource of Apache Commos is used for interaction with Relational Database. It helps for creating a new connection for an application.
Properties of BasicDataSource class:
driverClassName: The JDBC Driver Class Name to be used.
url: The connection URL to be passed to JDBC driver to establish a connection.
username: The connection username to be passed to JDBC driver to establish a connection.
password: The connection password to be passed to JDBC driver to establish a connection.
SessionFactory Bean: There are two attribute defined in this bean.
ID Is defined for Unique Identifier for this bean as “sessionFactory”
CLASS is defined for reference type of “org.springframework.orm.hibernate4.LocalSessionFactoryBean”.
Properties of LocalSessionFactoryBean class:
dataSource: SessionFactory uses dataSource properties. There is ref a attribute for referring bean by its ID.
packagesToScan: To specify packages to search for autodetection of entity classes in the classpath.
hibernateProperties : It sets hibernate properties.
hibernate.dialect: To specify correct database Dialect. Each Database has different SQL code generator.
hibernate.show_sql: Write all SQL statements to CONSOLE
hibernate.default_schema: Qualifies unqualified Table names with Given TableName and Schema Name.
format_sql: Pretty print the SQL in Console and LOG.
use_sql_comments: Hibernate will generate Comments inside SQL.
TransactionManager Bean: There are two attribute defined in this bean.
ID Is defined for Unique Identifier for this bean as “transactionManager”
CLASS is defined for reference type of “org.springframework.orm.hibernate4.HibernateTransactionManager”.
Properties of HibernateTransactionManager Class: 
This transaction manager is appropriate for applications that use a single Hibernate SessionFactory for transactional data access -->